{"cameraMode":{"drawMode":0,"name":"Shaded","section":"Shading Mode"},"sceneLighting":true,"audioPlay":false,"sceneViewState":{"showFog":true,"showMaterialUpdate":false,"showSkybox":true,"showFlares":true,"showImageEffects":true,"showParticleSystems":true},"in2DMode":false,"pivot":{"x":2.3689870834350588,"y":2.8819074630737306,"z":-3.8481147289276125},"rotation":{"x":-0.023777319118380548,"y":-0.6715784668922424,"z":0.02157122828066349,"w":-0.7402408123016357},"size":11.660995483398438,"orthographic":false}